{
  "id": "885b8a16-4793-94c4-49b1-c447acb393a7",
  "name": "Investigate - External",
  "values": [
    {
      "enabled": true,
      "key": "token",
      "value": "Your API Token",
      "type": "text"
    },
    {
      "enabled": true,
      "key": "email",
      "value": "example@example.com",
      "type": "text"
    },
    {
      "enabled": true,
      "key": "domain",
      "value": "example.com",
      "type": "text"
    }
  ],
  "timestamp": 1544700753790,
  "_postman_variable_scope": "environment",
  "_postman_exported_at": "2018-12-13T11:35:50.838Z",
  "_postman_exported_using": "Postman/5.3.2"
}